Workbook

Sheet Instrucciones
B2: Intrucciones
B8: Verde | C8: Pregunta 1: Inciso a y b
B9: Amarillo | C9: Pregunta 1: Inciso c, d y e
B10: Naranja | C10: Pregunta 2: Inciso a, b y c
B11: Rojo | C11: Pregunta 2: Inciso d y e
B12: Morado | C12: Pregunta 3: Todos los incisos
B13: Azul | C13: Pregunta 4: Todos los incisos

Sheet Hoja de trabajo
B2: HOJA DE TRABAJO
B3: CASO COMPROBACION DE INGRESOS
P27: 5 minutos | Q27: Lectura
O28: NO
B29: Pregunta | C29: Calcula | F29: Respuesta
B30: Ingresos | C30: a. | D30: Mes 1 | F30: =+Cálculo!B21 -> 0
C31: b | D31: Mes 2 | F31: =+Cálculo!D21 -> 0
C32: c | D32: Mes 3 | F32: =+Cálculo!F21 -> 0
C33: d | D33: Mes 4 | F33: =+Cálculo!H21 -> 0
C34: e | D34: Mes 5 | F34: =+Cálculo!J21 -> 0
C35: f | D35: Mes 6 | F35: =+Cálculo!L21 -> 39932.39
C36: Total de ingresos : | F36: =SUM(F30:F35) -> 39932.39
B37: Antigüedad laboral | C37: ¿ Cumple con el arraigo laboral mínimo por la actividad economica ? | F37: SI
B38: Los estados de cuenta ¿ vienen completos? | C38: a. | D38: Mes 1 | F38: SI
C39: b | D39: Mes 2 | F39: SI
C40: c | D40: Mes 3 | F40: SI
C41: d | D41: Mes 4 | F41: SI
C42: e | D42: Mes 5 | F42: SI
C43: f | D43: Mes 6 | F43: SI
F44: JUSTIFICA TU RESPUESTA
B45: ¿Los ingresos declarados en la solicitud de crédito coinciden contra el calculo que realizaron ? | D45: SI ¿ Porque?
D46: NO ¿ Porque?
B47: ¿ Que conceptos si se deben considerar para el calculo de ingresos por mes de acuerdo a la actvidad económica ? | C47: Mes 1
C48: Mes 2
C49: Mes 3
C50: Mes 4
C51: Mes 5
C52: Mes 6

Sheet Cálculo
A2: MES 1 | C2: MES 2 | E2: MES 3 | G2: MES 4 | I2: MES 5 | K2: MES 6
A3: CONCEPTO | B3: MONTO | C3: CONCEPTO | D3: MONTO | E3: CONCEPTO | F3: MONTO | G3: CONCEPTO | H3: MONTO | I3: CONCEPTO | J3: MONTO | K3: CONCEPTO | L3: MONTO
L4: 39932.39
M5: TOTAL | N5: =B21+D21+F21+H21+J21+L21 -> 39932.39
M6: INGRESO MENSUAL | N6: =N5/6 -> 6655.3983
D9: 0 | H9: =SUM(F9:G9) -> 0 | J9: 0
B10: 0 | D10: 0 | F10: 0 | H10: =SUM(F10:G10) -> 0 | J10: 0 | L10: =SUM(J10:K10) -> 0
A11: MAYO | B11: 0 | C11: ABRIL | D11: 0 | E11: MARZO | F11: 0 | G11: FEBRERO | H11: =SUM(F11:G11) -> 0 | I11: ENERO | J11: 0 | K11: DICIEMBRE | L11: =SUM(J11:K11) -> 0
B12: 0 | D12: 0 | F12: 0 | H12: =SUM(F12:G12) -> 0 | J12: 0 | L12: =SUM(J12:K12) -> 0
B13: 0 | D13: 0 | F13: 0 | H13: =SUM(F13:G13) -> 0 | J13: 0 | L13: =SUM(J13:K13) -> 0
B14: 0 | D14: 0 | F14: 0 | H14: =SUM(F14:G14) -> 0 | J14: 0 | L14: =SUM(J14:K14) -> 0
B15: 0 | D15: 0 | F15: 0 | H15: =SUM(F15:G15) -> 0 | J15: 0 | L15: =SUM(J15:K15) -> 0
B16: 0 | D16: 0 | F16: 0 | H16: =SUM(F16:G16) -> 0 | J16: 0 | L16: =SUM(J16:K16) -> 0
B17: 0 | D17: 0 | F17: 0 | H17: =SUM(F17:G17) -> 0 | J17: 0 | L17: =SUM(J17:K17) -> 0
B18: 0 | D18: 0 | F18: 0 | H18: =SUM(F18:G18) -> 0 | J18: 0 | L18: =SUM(J18:K18) -> 0
B19: 0 | D19: 0 | F19: 0 | H19: =SUM(F19:G19) -> 0 | J19: 0 | L19: =SUM(J19:K19) -> 0
B20: 0 | D20: 0 | F20: 0 | H20: =SUM(F20:G20) -> 0 | J20: 0 | L20: =SUM(J20:K20) -> 0
A21: TOTAL | B21: =SUM(B4:B20) -> 0 | C21: TOTAL | D21: =SUM(D4:D20) -> 0 | E21: TOTAL | F21: =SUM(F4:F20) -> 0 | G21: TOTAL | H21: =SUM(H4:H20) -> 0 | I21: TOTAL | J21: =SUM(J4:J20) -> 0 | K21: TOTAL | L21: =SUM(L4:L20) -> 39932.39
